-- --------------------------------------------------------
-- Servidor:                     localhost
-- Versão do servidor:           5.6.11-log - MySQL Community Server (GPL)
-- OS do Servidor:               Win32
-- HeidiSQL Versão:              9.4.0.5125
-- --------------------------------------------------------

/*!40101 SET @OLD_CHARACTER_SET_CLIENT=@@CHARACTER_SET_CLIENT */;
/*!40101 SET NAMES utf8 */;
/*!50503 SET NAMES utf8mb4 */;
/*!40014 SET @OLD_FOREIGN_KEY_CHECKS=@@FOREIGN_KEY_CHECKS, FOREIGN_KEY_CHECKS=0 */;
/*!40101 SET @OLD_SQL_MODE=@@SQL_MODE, SQL_MODE='NO_AUTO_VALUE_ON_ZERO' */;


-- Copiando estrutura do banco de dados para projeto
CREATE DATABASE IF NOT EXISTS `projeto` /*!40100 DEFAULT CHARACTER SET latin1 */;
USE `projeto`;

-- Copiando estrutura para tabela projeto.banda
CREATE TABLE IF NOT EXISTS `banda` (
  `BandaId` int(4) NOT NULL AUTO_INCREMENT,
  `UsuarioId` int(4) NOT NULL DEFAULT '0',
  `Nome` varchar(50) NOT NULL,
  `Experiencia` varchar(1255) DEFAULT NULL,
  `Sobre` varchar(1255) DEFAULT NULL,
  `NumIntegrantes` smallint(4) NOT NULL DEFAULT '1',
  `Preco` decimal(8,2) NOT NULL DEFAULT '0.00' COMMENT '0 = a combinar',
  `Site` varchar(255) DEFAULT NULL,
  `Facebook` varchar(255) DEFAULT NULL,
  `Skype` varchar(255) DEFAULT NULL,
  `YoutubeCanal` varchar(255) DEFAULT NULL,
  `Estrelas` smallint(4) NOT NULL DEFAULT '0',
  PRIMARY KEY (`BandaId`),
  KEY `FK_banda_usuario` (`UsuarioId`),
  CONSTRAINT `FK_banda_usuario` FOREIGN KEY (`UsuarioId`) REFERENCES `usuario` (`UsuarioId`) ON DELETE NO ACTION ON UPDATE NO ACTION
) ENGINE=InnoDB AUTO_INCREMENT=4 DEFAULT CHARSET=latin1;

-- Copiando dados para a tabela projeto.banda: ~2 rows (aproximadamente)
/*!40000 ALTER TABLE `banda` DISABLE KEYS */;
INSERT INTO `banda` (`BandaId`, `UsuarioId`, `Nome`, `Experiencia`, `Sobre`, `NumIntegrantes`, `Preco`, `Site`, `Facebook`, `Skype`, `YoutubeCanal`, `Estrelas`) VALUES
	(1, 1, 'Grupo Katinguele', NULL, NULL, 6, 0.00, 'www.gkl.com.br', 'www.facebook.com/gkl', 'gkl', 'www.youtube.com/12345jlk', 0),
	(3, 2, 'O Rappa', NULL, NULL, 6, 10.00, 'www.gkl.com.br', NULL, NULL, NULL, 3);
/*!40000 ALTER TABLE `banda` ENABLE KEYS */;

-- Copiando estrutura para tabela projeto.banda_agenda
CREATE TABLE IF NOT EXISTS `banda_agenda` (
  `BandaAgendaId` int(11) NOT NULL AUTO_INCREMENT,
  `BandaId` int(11) NOT NULL DEFAULT '0',
  `DataIni` datetime NOT NULL DEFAULT '0000-00-00 00:00:00',
  `DataFim` datetime NOT NULL DEFAULT '0000-00-00 00:00:00',
  PRIMARY KEY (`BandaAgendaId`),
  KEY `FK_banda_agenda_banda` (`BandaId`),
  CONSTRAINT `FK_banda_agenda_banda` FOREIGN KEY (`BandaId`) REFERENCES `banda` (`BandaId`) ON DELETE NO ACTION ON UPDATE NO ACTION
) ENGINE=InnoDB AUTO_INCREMENT=3 DEFAULT CHARSET=latin1;

-- Copiando dados para a tabela projeto.banda_agenda: ~2 rows (aproximadamente)
/*!40000 ALTER TABLE `banda_agenda` DISABLE KEYS */;
INSERT INTO `banda_agenda` (`BandaAgendaId`, `BandaId`, `DataIni`, `DataFim`) VALUES
	(1, 1, '2017-02-25 22:00:00', '2017-02-26 01:00:00'),
	(2, 1, '2017-02-28 20:00:00', '2017-02-28 23:59:00');
/*!40000 ALTER TABLE `banda_agenda` ENABLE KEYS */;

-- Copiando estrutura para tabela projeto.banda_cidade
CREATE TABLE IF NOT EXISTS `banda_cidade` (
  `BandaCidadeId` int(4) NOT NULL AUTO_INCREMENT,
  `BandaId` int(4) NOT NULL DEFAULT '0',
  `CidadeId` int(4) NOT NULL DEFAULT '0',
  PRIMARY KEY (`BandaCidadeId`),
  KEY `FK__banda` (`BandaId`),
  KEY `FK__cidade` (`CidadeId`),
  CONSTRAINT `FK__banda` FOREIGN KEY (`BandaId`) REFERENCES `banda` (`BandaId`) ON DELETE NO ACTION ON UPDATE NO ACTION,
  CONSTRAINT `FK__cidade` FOREIGN KEY (`CidadeId`) REFERENCES `cidade` (`CidadeId`) ON DELETE NO ACTION ON UPDATE NO ACTION
) ENGINE=InnoDB AUTO_INCREMENT=4 DEFAULT CHARSET=latin1;

-- Copiando dados para a tabela projeto.banda_cidade: ~3 rows (aproximadamente)
/*!40000 ALTER TABLE `banda_cidade` DISABLE KEYS */;
INSERT INTO `banda_cidade` (`BandaCidadeId`, `BandaId`, `CidadeId`) VALUES
	(1, 1, 1),
	(2, 1, 2),
	(3, 3, 2);
/*!40000 ALTER TABLE `banda_cidade` ENABLE KEYS */;

-- Copiando estrutura para tabela projeto.banda_email
CREATE TABLE IF NOT EXISTS `banda_email` (
  `BandaEmailId` int(4) NOT NULL AUTO_INCREMENT,
  `BandaId` int(4) NOT NULL DEFAULT '0',
  `Email` varchar(255) NOT NULL DEFAULT '0',
  PRIMARY KEY (`BandaEmailId`),
  KEY `FK_banda_email_banda` (`BandaId`),
  CONSTRAINT `FK_banda_email_banda` FOREIGN KEY (`BandaId`) REFERENCES `banda` (`BandaId`) ON DELETE NO ACTION ON UPDATE NO ACTION
) ENGINE=InnoDB AUTO_INCREMENT=4 DEFAULT CHARSET=latin1;

-- Copiando dados para a tabela projeto.banda_email: ~3 rows (aproximadamente)
/*!40000 ALTER TABLE `banda_email` DISABLE KEYS */;
INSERT INTO `banda_email` (`BandaEmailId`, `BandaId`, `Email`) VALUES
	(1, 1, 'teste1@teste1.com.br'),
	(2, 1, 'teste2@teste1.com.br'),
	(3, 1, 'teste3@teste1.com.br');
/*!40000 ALTER TABLE `banda_email` ENABLE KEYS */;

-- Copiando estrutura para tabela projeto.banda_estilo
CREATE TABLE IF NOT EXISTS `banda_estilo` (
  `BandaEstiloId` int(4) NOT NULL AUTO_INCREMENT,
  `BandaId` int(4) NOT NULL DEFAULT '0',
  `EstiloId` int(4) NOT NULL DEFAULT '0',
  PRIMARY KEY (`BandaEstiloId`),
  KEY `FK_banda_estilo_estilo` (`EstiloId`),
  KEY `FK_banda_estilo_banda` (`BandaId`),
  CONSTRAINT `FK_banda_estilo_banda` FOREIGN KEY (`BandaId`) REFERENCES `banda` (`BandaId`) ON DELETE NO ACTION ON UPDATE NO ACTION,
  CONSTRAINT `FK_banda_estilo_estilo` FOREIGN KEY (`EstiloId`) REFERENCES `estilo` (`EstiloId`) ON DELETE NO ACTION ON UPDATE NO ACTION
) ENGINE=InnoDB AUTO_INCREMENT=4 DEFAULT CHARSET=latin1;

-- Copiando dados para a tabela projeto.banda_estilo: ~3 rows (aproximadamente)
/*!40000 ALTER TABLE `banda_estilo` DISABLE KEYS */;
INSERT INTO `banda_estilo` (`BandaEstiloId`, `BandaId`, `EstiloId`) VALUES
	(1, 1, 2),
	(2, 1, 1),
	(3, 3, 3);
/*!40000 ALTER TABLE `banda_estilo` ENABLE KEYS */;

-- Copiando estrutura para tabela projeto.banda_foto
CREATE TABLE IF NOT EXISTS `banda_foto` (
  `FotoId` int(11) NOT NULL AUTO_INCREMENT,
  `BandaId` int(11) NOT NULL DEFAULT '0',
  `Nome` varchar(50) NOT NULL DEFAULT '0',
  `Legenda` varchar(510) DEFAULT NULL,
  `Capa` tinyint(4) NOT NULL DEFAULT '0' COMMENT '0 nao 1 sim pelo menos uma foto com 1',
  PRIMARY KEY (`FotoId`),
  KEY `FK_banda_foto_banda` (`BandaId`),
  CONSTRAINT `FK_banda_foto_banda` FOREIGN KEY (`BandaId`) REFERENCES `banda` (`BandaId`) ON DELETE NO ACTION ON UPDATE NO ACTION
) ENGINE=InnoDB AUTO_INCREMENT=5 DEFAULT CHARSET=latin1;

-- Copiando dados para a tabela projeto.banda_foto: ~4 rows (aproximadamente)
/*!40000 ALTER TABLE `banda_foto` DISABLE KEYS */;
INSERT INTO `banda_foto` (`FotoId`, `BandaId`, `Nome`, `Legenda`, `Capa`) VALUES
	(1, 1, 'foto01.jpg', 'teste testeando o teste', 1),
	(2, 1, 'foto02.jpg', 'teste testeando o teste', 0),
	(3, 1, 'foto03.jpg', 'teste testeando o teste', 0),
	(4, 3, 'foto01.jpg', 'teste testeando o teste', 1);
/*!40000 ALTER TABLE `banda_foto` ENABLE KEYS */;

-- Copiando estrutura para tabela projeto.banda_telefone
CREATE TABLE IF NOT EXISTS `banda_telefone` (
  `BandaTelefoneId` int(4) NOT NULL AUTO_INCREMENT,
  `BandaId` int(4) NOT NULL DEFAULT '0',
  `DDD` char(10) NOT NULL DEFAULT '"000"',
  `Numero` varchar(25) NOT NULL,
  `Zap` tinyint(1) NOT NULL DEFAULT '0' COMMENT '0 nao 1 sim',
  PRIMARY KEY (`BandaTelefoneId`),
  KEY `FK_BandaTelefone_banda` (`BandaId`),
  CONSTRAINT `FK_BandaTelefone_banda` FOREIGN KEY (`BandaId`) REFERENCES `banda` (`BandaId`) ON DELETE NO ACTION ON UPDATE NO ACTION
) ENGINE=InnoDB AUTO_INCREMENT=4 DEFAULT CHARSET=latin1;

-- Copiando dados para a tabela projeto.banda_telefone: ~3 rows (aproximadamente)
/*!40000 ALTER TABLE `banda_telefone` DISABLE KEYS */;
INSERT INTO `banda_telefone` (`BandaTelefoneId`, `BandaId`, `DDD`, `Numero`, `Zap`) VALUES
	(1, 1, '021', '000-0000', 0),
	(2, 1, '021', '999-9999', 1),
	(3, 3, '021', '999-9999', 1);
/*!40000 ALTER TABLE `banda_telefone` ENABLE KEYS */;

-- Copiando estrutura para tabela projeto.banda_youtube
CREATE TABLE IF NOT EXISTS `banda_youtube` (
  `BandaYoutubeId` int(4) NOT NULL AUTO_INCREMENT,
  `BandaId` int(4) NOT NULL DEFAULT '0',
  `URL` int(4) NOT NULL DEFAULT '0',
  PRIMARY KEY (`BandaYoutubeId`),
  KEY `FK_banda_youtube_banda` (`BandaId`),
  CONSTRAINT `FK_banda_youtube_banda` FOREIGN KEY (`BandaId`) REFERENCES `banda` (`BandaId`) ON DELETE NO ACTION ON UPDATE NO ACTION
) ENGINE=InnoDB DEFAULT CHARSET=latin1;

-- Copiando dados para a tabela projeto.banda_youtube: ~0 rows (aproximadamente)
/*!40000 ALTER TABLE `banda_youtube` DISABLE KEYS */;
/*!40000 ALTER TABLE `banda_youtube` ENABLE KEYS */;

-- Copiando estrutura para tabela projeto.cidade
CREATE TABLE IF NOT EXISTS `cidade` (
  `CidadeId` int(4) NOT NULL AUTO_INCREMENT,
  `Descricao` varchar(60) NOT NULL DEFAULT '0',
  `UFId` int(4) NOT NULL DEFAULT '0',
  PRIMARY KEY (`CidadeId`),
  KEY `FK_cidade_ufs` (`UFId`),
  CONSTRAINT `FK_cidade_ufs` FOREIGN KEY (`UFId`) REFERENCES `uf` (`UFid`) ON DELETE NO ACTION ON UPDATE NO ACTION
) ENGINE=InnoDB AUTO_INCREMENT=3 DEFAULT CHARSET=latin1;

-- Copiando dados para a tabela projeto.cidade: ~2 rows (aproximadamente)
/*!40000 ALTER TABLE `cidade` DISABLE KEYS */;
INSERT INTO `cidade` (`CidadeId`, `Descricao`, `UFId`) VALUES
	(1, 'Niteroi', 1),
	(2, 'São Gonçalo', 1);
/*!40000 ALTER TABLE `cidade` ENABLE KEYS */;

-- Copiando estrutura para tabela projeto.ci_sessions
CREATE TABLE IF NOT EXISTS `ci_sessions` (
  `id` varchar(128) NOT NULL,
  `ip_address` varchar(45) NOT NULL,
  `timestamp` int(10) unsigned NOT NULL DEFAULT '0',
  `data` blob NOT NULL,
  KEY `ci_sessions_timestamp` (`timestamp`)
) ENGINE=InnoDB DEFAULT CHARSET=latin1;

-- Copiando dados para a tabela projeto.ci_sessions: ~50 rows (aproximadamente)
/*!40000 ALTER TABLE `ci_sessions` DISABLE KEYS */;
INSERT INTO `ci_sessions` (`id`, `ip_address`, `timestamp`, `data`) VALUES
	('h0dkuhbg5g1lvt00on1as1mgeedgl1ek', '127.0.0.1', 1489784940, _binary 0x5F5F63695F6C6173745F726567656E65726174657C693A313438393738333637373B6D75736963615F70726F6A7C733A3434383A2239343066383466383733343138326238373933366663386437333035636366313433653739653831303765393266376437396433663934323963653930326435633333353766326562663837383032666436616537396237316539653061656532656338646564386631313132353031343762383661653061323761343131354B454C2F6E644D4D6E486B764E734D387052305656486B7A3458415A79487771304B614738614B396C635952386B736669414E62716D715245747444767A4659656C77796239704F5A6A384E34657854326143684C496C3059734F53776C3036756A5630504D636C6B5162394F6D6255385276495531505230574F4B343277444671414756492F6E6534434E734F726D30763934456F41336D616A666163704B505263594868776A6A6458365879724E3332746D6B67314847665162386D4478766857572B4373347578585A556541565277644349686E67617151672B4B66394B467777693038676B4B764172664E6D306D574C79627168782B4856652F302B5053506B7A6C54397058447437562F76306D636272494B6A6D585149525433373533616E7830425A6B394B55596F31467270746E583567493639472B777A6A66223B),
	('599cosns1qu0atk2ivdesnm5qio87isq', '127.0.0.1', 1489785101, _binary 0x5F5F63695F6C6173745F726567656E65726174657C693A313438393738343934353B6D75736963615F70726F6A7C733A3434383A2238393137363930373966636235316663396633653863386261656139383933636161663836366231323335303132386637323061653537343131323533616466333566343262653630393732373732353837383532366332633737383531646264656537653535333564636239376564613733653036376633653636323462365A4D58576F357533663968495A337073627A705A36683935596B726A6D4D6A2F7A42555352694D5552525734426549486E5930724944343278396D30386E48442F564B4B37636A76534E386C614134445668725653714E772F616448764B784946336D554262484569537759566C37372F752B43432B6B57726D465850383476623451544675315A573259704A70374349566663326C793968426D3752442B713258524852534F77387674484A303443377642505A7A4331516235355A436B545641744B566E4A32337A7275745775426147364345546C3432646D786733344D46374468584F725762655137465272624942424B69304F496A465259755A336F31344C634142786165422F766C52584A7276397839666B7241354B383762315662775262743563704B72754545682F6D66716F383835654B5A31516832497646223B),
	('fre73rdpo3eu46o59vrmn9ts27d9q5st', '127.0.0.1', 1490017766, _binary 0x5F5F63695F6C6173745F726567656E65726174657C693A313439303031373630353B6D75736963615F70726F6A7C733A3434383A226535306266356239313266303437326662316163373062313264383931353066346332353332383135636430383534653862616339653138333166313531353162643138646439633661316139626636373533636633333832366336376139303439653165663730616165383033343731356539303066353565366332343639774A41704C4731442B34304150536E34377846363272466E6D75664747364E4143772F6E686864505878436635514A736A74306A696F69744D64336C49444F597A6550386A41746B5136574A46336836306E7556624135564B4C6A654752357053705667777A31784C6B74734B31502B4665354655644F6B77465258367958505A4962776B717A3647666D6130487A4C454C62573762783841576738372F2B4F4E4F30354564376359465536525765786B45726954592B4A4235572B434431306275425344563545646A394F45493635784E36526A4538306A533437414B61364F69596450794D2F647A7A4F42555969556D37556751547151594A545A6F4F5841523363484771422F3664364D757A2F76503864534745434E2F586634433074594152482B4D656641657464332B76427A2B442F5354647047556D4A45466E5A223B),
	('8ceth43iqplbirbtr2t0rdc6hskss16t', '127.0.0.1', 1490018299, _binary 0x5F5F63695F6C6173745F726567656E65726174657C693A313439303031383031393B6D75736963615F70726F6A7C733A3434383A226535306266356239313266303437326662316163373062313264383931353066346332353332383135636430383534653862616339653138333166313531353162643138646439633661316139626636373533636633333832366336376139303439653165663730616165383033343731356539303066353565366332343639774A41704C4731442B34304150536E34377846363272466E6D75664747364E4143772F6E686864505878436635514A736A74306A696F69744D64336C49444F597A6550386A41746B5136574A46336836306E7556624135564B4C6A654752357053705667777A31784C6B74734B31502B4665354655644F6B77465258367958505A4962776B717A3647666D6130487A4C454C62573762783841576738372F2B4F4E4F30354564376359465536525765786B45726954592B4A4235572B434431306275425344563545646A394F45493635784E36526A4538306A533437414B61364F69596450794D2F647A7A4F42555969556D37556751547151594A545A6F4F5841523363484771422F3664364D757A2F76503864534745434E2F586634433074594152482B4D656641657464332B76427A2B442F5354647047556D4A45466E5A223B),
	('4gsco5e8irk7c60c5c8f4lj6cp5p227e', '127.0.0.1', 1490018721, _binary 0x5F5F63695F6C6173745F726567656E65726174657C693A313439303031383433313B6D75736963615F70726F6A7C733A3434383A226535306266356239313266303437326662316163373062313264383931353066346332353332383135636430383534653862616339653138333166313531353162643138646439633661316139626636373533636633333832366336376139303439653165663730616165383033343731356539303066353565366332343639774A41704C4731442B34304150536E34377846363272466E6D75664747364E4143772F6E686864505878436635514A736A74306A696F69744D64336C49444F597A6550386A41746B5136574A46336836306E7556624135564B4C6A654752357053705667777A31784C6B74734B31502B4665354655644F6B77465258367958505A4962776B717A3647666D6130487A4C454C62573762783841576738372F2B4F4E4F30354564376359465536525765786B45726954592B4A4235572B434431306275425344563545646A394F45493635784E36526A4538306A533437414B61364F69596450794D2F647A7A4F42555969556D37556751547151594A545A6F4F5841523363484771422F3664364D757A2F76503864534745434E2F586634433074594152482B4D656641657464332B76427A2B442F5354647047556D4A45466E5A223B),
	('fbcro3oce9pq7tnep5sp7jidmto6jf1k', '127.0.0.1', 1490018983, _binary 0x5F5F63695F6C6173745F726567656E65726174657C693A313439303031383733393B6D75736963615F70726F6A7C733A3434383A226535306266356239313266303437326662316163373062313264383931353066346332353332383135636430383534653862616339653138333166313531353162643138646439633661316139626636373533636633333832366336376139303439653165663730616165383033343731356539303066353565366332343639774A41704C4731442B34304150536E34377846363272466E6D75664747364E4143772F6E686864505878436635514A736A74306A696F69744D64336C49444F597A6550386A41746B5136574A46336836306E7556624135564B4C6A654752357053705667777A31784C6B74734B31502B4665354655644F6B77465258367958505A4962776B717A3647666D6130487A4C454C62573762783841576738372F2B4F4E4F30354564376359465536525765786B45726954592B4A4235572B434431306275425344563545646A394F45493635784E36526A4538306A533437414B61364F69596450794D2F647A7A4F42555969556D37556751547151594A545A6F4F5841523363484771422F3664364D757A2F76503864534745434E2F586634433074594152482B4D656641657464332B76427A2B442F5354647047556D4A45466E5A223B),
	('bn4bnelcf4djlo3ksje8cui5g2ok027d', '127.0.0.1', 1490019326, _binary 0x5F5F63695F6C6173745F726567656E65726174657C693A313439303031393035363B6D75736963615F70726F6A7C733A3434383A226535306266356239313266303437326662316163373062313264383931353066346332353332383135636430383534653862616339653138333166313531353162643138646439633661316139626636373533636633333832366336376139303439653165663730616165383033343731356539303066353565366332343639774A41704C4731442B34304150536E34377846363272466E6D75664747364E4143772F6E686864505878436635514A736A74306A696F69744D64336C49444F597A6550386A41746B5136574A46336836306E7556624135564B4C6A654752357053705667777A31784C6B74734B31502B4665354655644F6B77465258367958505A4962776B717A3647666D6130487A4C454C62573762783841576738372F2B4F4E4F30354564376359465536525765786B45726954592B4A4235572B434431306275425344563545646A394F45493635784E36526A4538306A533437414B61364F69596450794D2F647A7A4F42555969556D37556751547151594A545A6F4F5841523363484771422F3664364D757A2F76503864534745434E2F586634433074594152482B4D656641657464332B76427A2B442F5354647047556D4A45466E5A223B),
	('cdf5q49kvso1bp531vhb4308r3khiseb', '127.0.0.1', 1490019570, _binary 0x5F5F63695F6C6173745F726567656E65726174657C693A313439303031393339383B6D75736963615F70726F6A7C733A3434383A226535306266356239313266303437326662316163373062313264383931353066346332353332383135636430383534653862616339653138333166313531353162643138646439633661316139626636373533636633333832366336376139303439653165663730616165383033343731356539303066353565366332343639774A41704C4731442B34304150536E34377846363272466E6D75664747364E4143772F6E686864505878436635514A736A74306A696F69744D64336C49444F597A6550386A41746B5136574A46336836306E7556624135564B4C6A654752357053705667777A31784C6B74734B31502B4665354655644F6B77465258367958505A4962776B717A3647666D6130487A4C454C62573762783841576738372F2B4F4E4F30354564376359465536525765786B45726954592B4A4235572B434431306275425344563545646A394F45493635784E36526A4538306A533437414B61364F69596450794D2F647A7A4F42555969556D37556751547151594A545A6F4F5841523363484771422F3664364D757A2F76503864534745434E2F586634433074594152482B4D656641657464332B76427A2B442F5354647047556D4A45466E5A223B),
	('dsquab7dldv7ksfmk6j41dhjl34ptcas', '127.0.0.1', 1490020115, _binary 0x5F5F63695F6C6173745F726567656E65726174657C693A313439303031393835363B6D75736963615F70726F6A7C733A3434383A226535306266356239313266303437326662316163373062313264383931353066346332353332383135636430383534653862616339653138333166313531353162643138646439633661316139626636373533636633333832366336376139303439653165663730616165383033343731356539303066353565366332343639774A41704C4731442B34304150536E34377846363272466E6D75664747364E4143772F6E686864505878436635514A736A74306A696F69744D64336C49444F597A6550386A41746B5136574A46336836306E7556624135564B4C6A654752357053705667777A31784C6B74734B31502B4665354655644F6B77465258367958505A4962776B717A3647666D6130487A4C454C62573762783841576738372F2B4F4E4F30354564376359465536525765786B45726954592B4A4235572B434431306275425344563545646A394F45493635784E36526A4538306A533437414B61364F69596450794D2F647A7A4F42555969556D37556751547151594A545A6F4F5841523363484771422F3664364D757A2F76503864534745434E2F586634433074594152482B4D656641657464332B76427A2B442F5354647047556D4A45466E5A223B),
	('sngoecvf3uds486dt3ao5m3ic6j5i0cj', '127.0.0.1', 1490020451, _binary 0x5F5F63695F6C6173745F726567656E65726174657C693A313439303032303137393B6D75736963615F70726F6A7C733A3434383A223436303535376364333938616564623739613939643238656639656666663261366336613330323963653539613332636631343330343936643132346337393239623063376263336638373935396133646535363539613766363134363939363035663731363831356230313339303531383636666136346334313861643334492F2B744A4E576849445A4639636F38364F3455325A5A77376F6A2F612B4A716B4A432F69764C7144756157786B4869645836795361315976323366425A3830797A30664274444B68626549346B6264474B6F7A4A4E676639397131326E3636306C4345595A57316669796F396F6B5170754455544C393155303971417546333532492F6C7161336D2F37542F656148323032796B347639484E5951566655326976486B787A37613175506165364C6D4743706B4538713376736E665741356279634D625843326E6A497071483373483842494C4E5734644B4447356A3066774D59717349393569487958786D715157444A7A6432714E33595479443576424546307A756461633841486657662F534F7A2F6B58487756556C4D357366624C6A556965305A392B665464567341514366386363334F665972326E6F647739736A223B),
	('m9nds9bp9bnv1u6nq0tsvsl3juda9pr5', '127.0.0.1', 1490020920, _binary 0x5F5F63695F6C6173745F726567656E65726174657C693A313439303032303630373B6D75736963615F70726F6A7C733A3434383A223436303535376364333938616564623739613939643238656639656666663261366336613330323963653539613332636631343330343936643132346337393239623063376263336638373935396133646535363539613766363134363939363035663731363831356230313339303531383636666136346334313861643334492F2B744A4E576849445A4639636F38364F3455325A5A77376F6A2F612B4A716B4A432F69764C7144756157786B4869645836795361315976323366425A3830797A30664274444B68626549346B6264474B6F7A4A4E676639397131326E3636306C4345595A57316669796F396F6B5170754455544C393155303971417546333532492F6C7161336D2F37542F656148323032796B347639484E5951566655326976486B787A37613175506165364C6D4743706B4538713376736E665741356279634D625843326E6A497071483373483842494C4E5734644B4447356A3066774D59717349393569487958786D715157444A7A6432714E33595479443576424546307A756461633841486657662F534F7A2F6B58487756556C4D357366624C6A556965305A392B665464567341514366386363334F665972326E6F647739736A223B),
	('t5e1802j1qrpokjlc8bgggid0058l0as', '127.0.0.1', 1490020979, _binary 0x5F5F63695F6C6173745F726567656E65726174657C693A313439303032303933343B6D75736963615F70726F6A7C733A3434383A223436303535376364333938616564623739613939643238656639656666663261366336613330323963653539613332636631343330343936643132346337393239623063376263336638373935396133646535363539613766363134363939363035663731363831356230313339303531383636666136346334313861643334492F2B744A4E576849445A4639636F38364F3455325A5A77376F6A2F612B4A716B4A432F69764C7144756157786B4869645836795361315976323366425A3830797A30664274444B68626549346B6264474B6F7A4A4E676639397131326E3636306C4345595A57316669796F396F6B5170754455544C393155303971417546333532492F6C7161336D2F37542F656148323032796B347639484E5951566655326976486B787A37613175506165364C6D4743706B4538713376736E665741356279634D625843326E6A497071483373483842494C4E5734644B4447356A3066774D59717349393569487958786D715157444A7A6432714E33595479443576424546307A756461633841486657662F534F7A2F6B58487756556C4D357366624C6A556965305A392B665464567341514366386363334F665972326E6F647739736A223B),
	('kgnt8mktjg00ujocqbm3gneaht9t9hia', '127.0.0.1', 1490036586, _binary 0x5F5F63695F6C6173745F726567656E65726174657C693A313439303033363239313B),
	('avhv2l3iqq0s5cf19032u4b7fi2g8fae', '127.0.0.1', 1490036644, _binary 0x5F5F63695F6C6173745F726567656E65726174657C693A313439303033363632383B),
	('pvd1qckkljru1bo4b0v505ue9vpjvtl4', '127.0.0.1', 1490039437, _binary 0x5F5F63695F6C6173745F726567656E65726174657C693A313439303033373230353B),
	('sb48oa6k8cetktumms2hu089g3blm3vm', '127.0.0.1', 1490104889, _binary 0x5F5F63695F6C6173745F726567656E65726174657C693A313439303130343530323B),
	('g0a231ihri77a2k5nnuh07lnq4kvmq05', '127.0.0.1', 1490104929, _binary 0x5F5F63695F6C6173745F726567656E65726174657C693A313439303130343931353B),
	('rmqb1r2tca65q9cdbhc2l7i1ld9f6grs', '127.0.0.1', 1490105667, _binary 0x5F5F63695F6C6173745F726567656E65726174657C693A313439303130353330363B),
	('a3v2chfqddaet2goetjrk0auu60bqnpa', '127.0.0.1', 1490106126, _binary 0x5F5F63695F6C6173745F726567656E65726174657C693A313439303130353834343B),
	('kodrppdhki9fb4vlsinvrs5cft73b203', '127.0.0.1', 1490106397, _binary 0x5F5F63695F6C6173745F726567656E65726174657C693A313439303130363134393B),
	('910hesb5r5k6e8rvm0uuoipmkmc1rico', '127.0.0.1', 1490106712, _binary 0x5F5F63695F6C6173745F726567656E65726174657C693A313439303130363632353B),
	('9on9in81k3s2a79uvkfp2eqcsheedser', '127.0.0.1', 1490106978, _binary 0x5F5F63695F6C6173745F726567656E65726174657C693A313439303130363936343B),
	('6sq8nakg9sjmvq83nflimvgumets3chb', '127.0.0.1', 1490107344, _binary 0x5F5F63695F6C6173745F726567656E65726174657C693A313439303130373332343B),
	('uur8jc25uttorrc0bpd055tlj3tgl9c8', '127.0.0.1', 1490107708, _binary 0x5F5F63695F6C6173745F726567656E65726174657C693A313439303130373633313B),
	('agk0odtr7q0f7fqfhvu8ecuctuboshhh', '127.0.0.1', 1490108379, _binary 0x5F5F63695F6C6173745F726567656E65726174657C693A313439303130383038363B),
	('lk8jrquetoco33a8npujb7b9u6fansed', '127.0.0.1', 1490108447, _binary 0x5F5F63695F6C6173745F726567656E65726174657C693A313439303130383430363B),
	('qn7fgk3he4td7r3ks530n8mhfh024pu0', '127.0.0.1', 1490114230, _binary 0x5F5F63695F6C6173745F726567656E65726174657C693A313439303131333934323B),
	('bpvqqhthgbu76lkdnnvm69s4738jido9', '127.0.0.1', 1490115486, _binary 0x5F5F63695F6C6173745F726567656E65726174657C693A313439303131343235353B),
	('mu6nag4d9vcp8rn2or9i56hors6pm965', '127.0.0.1', 1490129017, _binary 0x5F5F63695F6C6173745F726567656E65726174657C693A313439303132383733333B),
	('qoi70gs254ene6ihtsonifi5metpuh66', '127.0.0.1', 1490129649, _binary 0x5F5F63695F6C6173745F726567656E65726174657C693A313439303132393132303B),
	('8pg80c3kr62qbb87qda9l4q54qoh666v', '127.0.0.1', 1490129985, _binary 0x5F5F63695F6C6173745F726567656E65726174657C693A313439303132393635323B),
	('kjifleh17l6b2tuj40uaomjgc6hqa6vm', '127.0.0.1', 1490130302, _binary 0x5F5F63695F6C6173745F726567656E65726174657C693A313439303133303030343B6D75736963615F70726F6A7C733A3434383A22386266336638366138663435616433666366336163643231313830343863663735613566356530616631386330643865626430356435646536363364323365376534613830623961333566636162633539386264663665333332376231633861666462376137656334646232343062636330306563616634646637363733623263757A386E6C36307750547A337A444654366642745265663153776F69714855387769626E754474466A52346B412B566F44337637776C633244616536654941665767614D526976746B50796B69455066315236554D796B7874303433495A7576696F384F415A63665545374270576A2B2B666B5473706834384F56766E6D5857516477654672564B427335674865345846366B6E6C6D594C413646656471733474745546736B472F6C567278574D4C435A6863775759756E39496D316849356B684450372F794A71583538637137427A567479635859614A336E2F544477305032534F425574687A414B37712F3255504C4752544E425A32564A38416D4D4A636A732B73586345385143674864612B666244365A6864385967453366446E597073362B5A336A6B336D4E566F2B747A4A5A645068414C54305A536C6D756365223B),
	('8vckmaq460527qpmulrh6j2k0ntkkeuv', '127.0.0.1', 1490130548, _binary 0x5F5F63695F6C6173745F726567656E65726174657C693A313439303133303330373B6D75736963615F70726F6A7C733A3434383A223862323365663138313036343162303539393835333735666131393136396262343030646433363733313962323636613039623633316438653936326666653637646238323139306633343065303131656434396137616539616530306434663532623864303637663666663137303135323235396266393534366362666363673170774D2F6854424365614539496278533549586E4755735743337355497036465233554437516A4F46394C33753753685A477349753834716F4B79726F41775559417454366A2F6E426262574648476655436A6E7A663259524E65526635754E4A534476525179365273794869726972343737524248424978614B6F4166617868486D6D4C79624B4F5366337237452B43746551704E39674654774A6D70394C697750396553304D6942573950437766626E2F4F517361393271563232506B33487149466F4A6A5673657541412B58464C7050312F714F6E3949645937704C2B776A697538444331734533487339426D586653424B376D6E59753475712F7938327469515273754158712F4642473078456646717A36746C522F65644F72354D6A69316362675A624F69593641524E7377724C4F796B6E6D6F3877416C48223B),
	('gtshpgh4j0m0s1ju1c6l93rt1mta6vbj', '127.0.0.1', 1490188518, _binary 0x5F5F63695F6C6173745F726567656E65726174657C693A313439303138383230333B6D75736963615F70726F6A7C733A3434383A22393430643836363438306237353064663136616334663136633730343163363462666564306332666136306661653264386565633638366133346334666266643132666434653138353232363135656439393736343630343063346263393038623734623266376264666633376435316137666465326234346561376534306364525A563468647639356F52435934447734386C534468334C48644F5A3373506C6776327779414748637A4A2B726D34727065784E495269746C4A6362306D3274324F555845376E6B337A7862734D613344477863452B64564F3177416861774A7630572B5A585151747141685A6977696A6F61694634764769445849313030635752386964636A386D394D7962566551486F322F57394C524F7936785161384151487855626F4B6C4D4F36654B39594C47695635776E6C6E364F426D4B4C362F5A546E3272373274346A7743764A586538334D4A7248763664566C6969724D7A626E6C3955494137364D374751626C6157504549367555692F6D6B354C5A6A44494963504A3065724C56646E6477743259516C444D6E5554774B5552712B4B2F677349306247652F735342783339475342384D7076466A634166466B417872223B),
	('oi4p8q2ma925b6p9tuhbuht1valbmh8s', '127.0.0.1', 1490189515, _binary 0x5F5F63695F6C6173745F726567656E65726174657C693A313439303138393139373B6D75736963615F70726F6A7C733A3434383A22393430643836363438306237353064663136616334663136633730343163363462666564306332666136306661653264386565633638366133346334666266643132666434653138353232363135656439393736343630343063346263393038623734623266376264666633376435316137666465326234346561376534306364525A563468647639356F52435934447734386C534468334C48644F5A3373506C6776327779414748637A4A2B726D34727065784E495269746C4A6362306D3274324F555845376E6B337A7862734D613344477863452B64564F3177416861774A7630572B5A585151747141685A6977696A6F61694634764769445849313030635752386964636A386D394D7962566551486F322F57394C524F7936785161384151487855626F4B6C4D4F36654B39594C47695635776E6C6E364F426D4B4C362F5A546E3272373274346A7743764A586538334D4A7248763664566C6969724D7A626E6C3955494137364D374751626C6157504549367555692F6D6B354C5A6A44494963504A3065724C56646E6477743259516C444D6E5554774B5552712B4B2F677349306247652F735342783339475342384D7076466A634166466B417872223B),
	('5t14oj0hb76qcthm07h32ane45o5me7r', '127.0.0.1', 1490189799, _binary 0x5F5F63695F6C6173745F726567656E65726174657C693A313439303138393539343B6D75736963615F70726F6A7C733A3434383A2264373366316132373431373939623833383938643335376462663832316136393631366637646238356331303561666134303430666266306537353561303166326661623631383364336563653565383334656361356665346563623965656165396465373530323837336666656165353563646430363036656630363132317272667757546B766D646666492F634964694A4D4B59777770503572616F564C5441746E4848673553467058377636693455755469454C6B4C3558506C734531313335366A66356B674F6E67766D725A43686A4559334D62696E2F4D6E782F7372445032446F46766F76716937676A5547506D6C364D46684C5A52434C626F736853717064436E522F4E5479367448457574706B2B667A763766684C3032656468546C65636D314B3341792B49597A426642644E4A77642F4764476A3766696930397241496B6A37664B696872595446417A614B4B3378705965324262666978556A656D447450474E4B6D447768462B58373866744B7949444C4D62446245774E5A376E455673622B63366A75685A6B4258342B57735A2B4A754C416E77704F58312F48447736597A4F42573941764F316953722B5A6C4F46762B2B50753371223B),
	('8n0848ddvo4np57eqa9vatkg7i57qnde', '127.0.0.1', 1490190252, _binary 0x5F5F63695F6C6173745F726567656E65726174657C693A313439303138393935393B6D75736963615F70726F6A7C733A3434383A223833633063306633616333303832303631623237346330316235383334383263623734613437383339653661653736323133303962613564323433633463326465623939306531376361393537323862663331613866306461353530313733336166626661366437393038363738336537666436333863333137323165633239637447687676485648507231416D3831384B53686C42486E42787437417669396839506A526B644E644C45507865413773446B69577A43795A726C2B6954486A6C65526F64327A644C3348456C327A505272713655595A6C494A7830787855686F656F657363566868436941344F396F7555486E5173566C556B434B364B624152795576544A6D78486435467A6C55436953506234477371797243515A4A334F576330335573664B754D7A6F5833455079645465626343627263306756534477574B7472514B322F2B4F6242426A754A384935666B7478344D446A396A7349385352474E3834766A36414951375047454C6D7854734F356267464E4E462B685A67457672422B5148506345744E63664F64645745766B4E6F68416356636130473063756838526C68746B30464D64567A424F4346597861525046504943496A55223B),
	('9q2g7o0kn4n7dac45tpbqccejkh5v8jj', '127.0.0.1', 1490190632, _binary 0x5F5F63695F6C6173745F726567656E65726174657C693A313439303139303236313B6D75736963615F70726F6A7C733A3434383A223035343732613231646463646263633733313234663839376230336362616261643964646163333939613565353839343038636430613533353361393331353439333835633561393837653165306665643531323735393562376333373130623965616637303339326339383835623261363864356130616639373764356330364278794F46763869594B4833474F43464F634A5632466347687150346B59374264774F654F5234496733747145306A436C314A4E6E79336364306B327833576A3542573077445354436569395A6D6F463639784834686765503166727851366D75304C456A707563714A45546A73706C794F6537486B6D4632592F34686F6553564A676546793775564C7154676542642F765142394C43537345557A64646B304C72324A514B6A3852366250634376626E36585876317364443374665A39426E47576E4A2B78595661376C4A6545706662317030564E434B5233387A6B31484B6A3676496446336731746B4944434C532B53656A46674D533852566C727A53655073564A58563741366445685967576B6874796B59435846773573726A6E6C6B53582B3642477A557077594273362B2F3475687A692F50467032533258676D223B),
	('c0bvrhf0rdvnmnk38nk7k8uihabt297j', '127.0.0.1', 1490190676, _binary 0x5F5F63695F6C6173745F726567656E65726174657C693A313439303139303633323B6D75736963615F70726F6A7C733A3434383A223035343732613231646463646263633733313234663839376230336362616261643964646163333939613565353839343038636430613533353361393331353439333835633561393837653165306665643531323735393562376333373130623965616637303339326339383835623261363864356130616639373764356330364278794F46763869594B4833474F43464F634A5632466347687150346B59374264774F654F5234496733747145306A436C314A4E6E79336364306B327833576A3542573077445354436569395A6D6F463639784834686765503166727851366D75304C456A707563714A45546A73706C794F6537486B6D4632592F34686F6553564A676546793775564C7154676542642F765142394C43537345557A64646B304C72324A514B6A3852366250634376626E36585876317364443374665A39426E47576E4A2B78595661376C4A6545706662317030564E434B5233387A6B31484B6A3676496446336731746B4944434C532B53656A46674D533852566C727A53655073564A58563741366445685967576B6874796B59435846773573726A6E6C6B53582B3642477A557077594273362B2F3475687A692F50467032533258676D223B),
	('64fdoat7mpn0asqjvirj7b0lk4h9leip', '127.0.0.1', 1490191311, _binary 0x5F5F63695F6C6173745F726567656E65726174657C693A313439303139313232333B6D75736963615F70726F6A7C733A3434383A223035343732613231646463646263633733313234663839376230336362616261643964646163333939613565353839343038636430613533353361393331353439333835633561393837653165306665643531323735393562376333373130623965616637303339326339383835623261363864356130616639373764356330364278794F46763869594B4833474F43464F634A5632466347687150346B59374264774F654F5234496733747145306A436C314A4E6E79336364306B327833576A3542573077445354436569395A6D6F463639784834686765503166727851366D75304C456A707563714A45546A73706C794F6537486B6D4632592F34686F6553564A676546793775564C7154676542642F765142394C43537345557A64646B304C72324A514B6A3852366250634376626E36585876317364443374665A39426E47576E4A2B78595661376C4A6545706662317030564E434B5233387A6B31484B6A3676496446336731746B4944434C532B53656A46674D533852566C727A53655073564A58563741366445685967576B6874796B59435846773573726A6E6C6B53582B3642477A557077594273362B2F3475687A692F50467032533258676D223B),
	('07ie6i1u96k6pbestc5jp2d6e6bvp08m', '127.0.0.1', 1490191929, _binary 0x5F5F63695F6C6173745F726567656E65726174657C693A313439303139313535353B),
	('9np34akbsr6kbheqb3udogf6o6h0fr91', '127.0.0.1', 1490192392, _binary 0x5F5F63695F6C6173745F726567656E65726174657C693A313439303139313933313B),
	('95o7c36937d5macb18bn00kbdcrtp7es', '127.0.0.1', 1490193184, _binary 0x5F5F63695F6C6173745F726567656E65726174657C693A313439303139323339373B),
	('los6bulnpuvfaibdt7nnmd22q2k1o8dk', '127.0.0.1', 1490215560, _binary 0x5F5F63695F6C6173745F726567656E65726174657C693A313439303231353531383B),
	('bmgrbsb8h6i6e7hikl2t33s3sa36knnj', '127.0.0.1', 1490217354, _binary 0x5F5F63695F6C6173745F726567656E65726174657C693A313439303231363337373B),
	('fplk9kt5t28762pnh07gmn83r7gjsukk', '127.0.0.1', 1490218410, _binary 0x5F5F63695F6C6173745F726567656E65726174657C693A313439303231373335363B),
	('n573j95r8lcjuub6mo25f1mjp90dse42', '127.0.0.1', 1490219255, _binary 0x5F5F63695F6C6173745F726567656E65726174657C693A313439303231383434333B),
	('5f1s3gar1pugpdc8lqjd7pm1pstg1sop', '127.0.0.1', 1490219496, _binary 0x5F5F63695F6C6173745F726567656E65726174657C693A313439303231393330333B),
	('0l2ap07gaer48c7nautul1272j663k4k', '127.0.0.1', 1490219734, _binary 0x5F5F63695F6C6173745F726567656E65726174657C693A313439303231393630393B),
	('q1u5jg3ojmokejcu0refkb355mbu6bcr', '127.0.0.1', 1490220322, _binary 0x5F5F63695F6C6173745F726567656E65726174657C693A313439303232303330343B6D75736963615F70726F6A7C733A3434383A223165643632653431633735626463356139373761393564616235616631636331363037313136343365646464306237333531336366656361366462623837613438383731316633636434383436343232333966376462333138373039303539343131613931363466666233353833633130313436656662333863363064653163585175347A4744444F4B4D6D42796A723450766E64423738566154436C7843745A464245552F2F6274494C343733676A444364314D6432426B516E7A7648765363743374764939396D30586730584E4749424A305A71513466413361716E487574577633764F2F6F4551366F64544E4458436F385879466E696C7451332B475A304E467565596766765578437179306E534251733954385A554A6C7466654D51396C507543655767384354517632776736654537704467546A2F6959624D557A366B316476686E67477A524B717146434D39766A6C3167476F7A35314E492F484F37495538324952693768386D6F437058644B2F676B313767354973446F636D55732B6D6F5464374F7969383766537035366A35782F585A374D4B67794D6C7544527348574E7266377A6745452F784172346B33326431726166677859515933223B);
/*!40000 ALTER TABLE `ci_sessions` ENABLE KEYS */;

-- Copiando estrutura para tabela projeto.cliente
CREATE TABLE IF NOT EXISTS `cliente` (
  `ClienteId` int(4) NOT NULL AUTO_INCREMENT,
  `UsuarioId` int(4) NOT NULL DEFAULT '0',
  `Nome` varchar(255) NOT NULL DEFAULT '0',
  PRIMARY KEY (`ClienteId`),
  KEY `FK_cliente_usuario` (`UsuarioId`),
  CONSTRAINT `FK_cliente_usuario` FOREIGN KEY (`UsuarioId`) REFERENCES `usuario` (`UsuarioId`) ON DELETE NO ACTION ON UPDATE NO ACTION
) ENGINE=InnoDB AUTO_INCREMENT=4 DEFAULT CHARSET=latin1;

-- Copiando dados para a tabela projeto.cliente: ~3 rows (aproximadamente)
/*!40000 ALTER TABLE `cliente` DISABLE KEYS */;
INSERT INTO `cliente` (`ClienteId`, `UsuarioId`, `Nome`) VALUES
	(1, 1, 'fff'),
	(2, 1, 'Renan P'),
	(3, 12, 'Renan V');
/*!40000 ALTER TABLE `cliente` ENABLE KEYS */;

-- Copiando estrutura para tabela projeto.estilo
CREATE TABLE IF NOT EXISTS `estilo` (
  `EstiloId` int(4) NOT NULL AUTO_INCREMENT,
  `Descricao` varchar(50) NOT NULL DEFAULT '0',
  PRIMARY KEY (`EstiloId`)
) ENGINE=InnoDB AUTO_INCREMENT=7 DEFAULT CHARSET=latin1;

-- Copiando dados para a tabela projeto.estilo: ~6 rows (aproximadamente)
/*!40000 ALTER TABLE `estilo` DISABLE KEYS */;
INSERT INTO `estilo` (`EstiloId`, `Descricao`) VALUES
	(1, 'Pagode'),
	(2, 'Axé'),
	(3, 'Pop'),
	(4, 'Rock'),
	(5, 'Heavy Metal'),
	(6, 'Reggae');
/*!40000 ALTER TABLE `estilo` ENABLE KEYS */;

-- Copiando estrutura para tabela projeto.uf
CREATE TABLE IF NOT EXISTS `uf` (
  `UFid` int(4) NOT NULL AUTO_INCREMENT,
  `Sigla` char(2) NOT NULL DEFAULT '0',
  `Descricao` varchar(50) NOT NULL DEFAULT '0',
  PRIMARY KEY (`UFid`)
) ENGINE=InnoDB AUTO_INCREMENT=3 DEFAULT CHARSET=latin1;

-- Copiando dados para a tabela projeto.uf: ~2 rows (aproximadamente)
/*!40000 ALTER TABLE `uf` DISABLE KEYS */;
INSERT INTO `uf` (`UFid`, `Sigla`, `Descricao`) VALUES
	(1, 'RJ', 'Rio de Janeiro'),
	(2, 'SP', 'São Paulo');
/*!40000 ALTER TABLE `uf` ENABLE KEYS */;

-- Copiando estrutura para tabela projeto.usuario
CREATE TABLE IF NOT EXISTS `usuario` (
  `UsuarioId` int(4) NOT NULL AUTO_INCREMENT,
  `Login` varchar(12) NOT NULL DEFAULT '0',
  `Senha` varchar(516) NOT NULL DEFAULT '0',
  PRIMARY KEY (`UsuarioId`)
) ENGINE=InnoDB AUTO_INCREMENT=13 DEFAULT CHARSET=latin1;

-- Copiando dados para a tabela projeto.usuario: ~8 rows (aproximadamente)
/*!40000 ALTER TABLE `usuario` DISABLE KEYS */;
INSERT INTO `usuario` (`UsuarioId`, `Login`, `Senha`) VALUES
	(1, 't@t.com', 'dac103c8294586e60d0c7918a4dfc0cc04493a8f9ed520eed492d66842185e5c23b89572422bdc12ec81bd1b7d0f67c46f507b4e5a971749152686cd6a95fdf5FFUDoW/soaqgKlxtlI92w+IQkizvsiJoRapcSBFKRJ0='),
	(2, 'Carlos', '123456'),
	(7, 't@t.com.bf', '3fbd5add23caea520530169c613798a9ad547be4e4c39a5e74fd4fc67dd101ec45662029d54f35680a495ce00e38148ef57767546dc129a49e6836d8e09e8f47GwjTbJA3NPolceAi8ccleOAAYntLHQb1Jlpv9UKtkOA='),
	(8, 't@t.com.bx', '26f88a5f7fb965f17a03df60c9ee34d1ecddbce545ab23d4d34c9e24a51fc474e184b00abbf5aa257a1d7c0dcfa7e6bd5abbcc9060990141c657965a4d96d70eY6KWDBDrme2etjSW+ed6tGhxNJaj65/PsliO0Q4o5QA='),
	(9, 't@t.com.bj', '394950d2a5e41e55a16004a06ced0f1be35e7ab5264ca35d88f774f618c88c43cdadf4e37a3859be0eeb9824a1f030cc25b927cabac54351889141eb884c9fabRM9OoJ/dr66oZIldTwM2V6/iIJEeMT09Ne/T3RhkeN0='),
	(10, 't@t.com.bo', '55fe81c55fe28d7fd1ef81c3172e4029093a6acb6837bbb0c66b15957d1392aaaaa34e1e4a33912dcecf8fd63b3f76b7b2b547fd8b72c0fad7023d8346fb958bfPlnfVI+e8mztInJGopoIlh4OH3mEH6PkYQ3WiABwkQ='),
	(11, 't@t.com.bl', 'ebe42781edbd4778e2deb7a0400e04dee4451264e5aba7b675bbfeab237d3312706412ceee79554f1f18320e9c88039e934144a38b19e9b7d8b9fa18f800d4586NkmkvP0sDcTOHh7YU0QY2/DW/s/iMxPxcaoGYaDLAE='),
	(12, 't@t.com.bb', '496993140ab34cee5146c44d765a023e8ac2848680ab985ead27d537df98c33ffb9defc405222f9fe5d0962f031181cc37a37950be5e4ab6d034ac7637d6397d5B/6it7KhZkK8BE0TauRBod2l4+H4e3Z6+Z+Yyb5VtU=');
/*!40000 ALTER TABLE `usuario` ENABLE KEYS */;

/*!40101 SET SQL_MODE=IFNULL(@OLD_SQL_MODE, '') */;
/*!40014 SET FOREIGN_KEY_CHECKS=IF(@OLD_FOREIGN_KEY_CHECKS IS NULL, 1, @OLD_FOREIGN_KEY_CHECKS) */;
/*!40101 SET CHARACTER_SET_CLIENT=@OLD_CHARACTER_SET_CLIENT */;
